date,new_cases,new_deaths,stringency_index,government_response_index,containment_health_index,economic_support_index,reproduction_rate,icu_patients,hosp_patients,total_tests,new_tests,positive_rate,tests_per_case
2020/7/15,66028,965,68.98,64.84,65.18,62.5,1.13,9245,33759,50152881,1035631,0.103,9.7
2020/7/16,70815,961,68.98,64.84,65.18,62.5,1.11,9797,38537,51182208,1029327,0.101,9.9
2020/7/17,66472,915,68.98,64.84,65.18,62.5,1.09,10700,40060,52229913,1047705,0.101,9.9
2020/7/18,64322,882,68.98,64.84,65.18,62.5,1.09,10963,40375,53142570,912657,0.1,10
2020/7/19,58932,476,68.98,64.84,65.18,62.5,1.08,10271,37900,53861022,718452,0.098,10.2
2020/7/20,60663,529,67.13,63.8,63.99,62.5,1.08,11291,41140,54768827,907805,0.098,10.2
2020/7/21,68194,1096,67.13,63.8,63.99,62.5,1.07,11458,42195,55805497,1036670,0.097,10.3
2020/7/22,67546,1225,67.13,63.8,63.99,62.5,1.05,12487,46107,56915569,1110072,0.096,10.4
2020/7/23,67887,1086,67.13,63.8,63.99,62.5,1.04,13912,47824,57999882,1084313,0.095,10.5
2020/7/24,75147,1094,67.13,63.8,63.99,62.5,1.03,13623,46738,59074853,1074971,0.093,10.8
2020/7/25,64201,969,67.13,63.8,63.99,62.5,1.02,14398,51819,59957044,882191,0.093,10.8
2020/7/26,55840,534,67.13,63.8,63.99,62.5,1.01,12403,43375,60634911,677867,0.093,10.8
2020/7/27,59724,1100,67.13,63.8,63.99,62.5,1.01,14230,47165,61432915,798004,0.091,11
2020/7/28,64830,1222,67.13,63.8,63.99,62.5,0.99,14578,48110,62401440,968525,0.09,11.1
2020/7/29,64128,1440,67.13,63.8,63.99,62.5,0.98,14021,45613,63442320,1040880,0.088,11.4
2020/7/30,69244,1289,67.13,63.8,63.99,62.5,0.96,14653,46830,64480892,1038572,0.088,11.4
2020/7/31,64576,1183,67.13,63.8,63.99,62.5,0.94,14603,46150,65471833,990941,0.086,11.6
2020/8/1,57580,1119,67.13,63.8,63.99,62.5,0.93,14400,50417,66264792,792959,0.084,11.9
2020/8/2,47109,457,67.13,63.8,63.99,62.5,0.93,14053,50236,66889299,624507,0.083,12
2020/8/3,41686,559,67.13,63.8,63.99,62.5,0.93,14245,45290,67666629,777330,0.082,12.2
2020/8/4,61658,1255,67.13,63.8,63.99,62.5,0.94,14116,45133,68550840,884211,0.081,12.3
2020/8/5,54349,1408,67.13,63.8,63.99,62.5,0.94,14059,44661,69516704,965864,0.079,12.7
2020/8/6,60180,1181,67.13,63.8,63.99,62.5,0.95,13885,43890,70507696,990992,0.076,13.2
2020/8/7,60587,1291,67.13,63.8,63.99,62.5,0.96,13769,43209,71523759,1016063,0.075,13.3
2020/8/8,63933,1087,67.13,63.8,63.99,62.5,0.97,13358,41590,72339667,815908,0.073,13.7
2020/8/9,54267,572,67.13,63.8,63.99,62.5,0.98,13163,41479,72966403,626736,0.073,13.7
2020/8/10,51617,517,67.13,63.8,63.99,62.5,0.97,13181,42068,73751800,785397,0.071,14.1
2020/8/11,56956,1097,67.13,63.8,63.99,62.5,0.95,13058,41642,74661344,909544,0.07,14.3
2020/8/12,55245,1515,67.13,63.8,63.99,62.5,0.94,12868,41816,75689922,1028578,0.068,14.7
2020/8/13,51657,1038,67.13,63.8,63.99,62.5,0.92,12677,41240,76670524,980602,0.067,14.9
2020/8/14,70125,1309,67.13,63.8,63.99,62.5,0.92,12512,39980,77632375,961851,0.065,15.4
2020/8/15,52396,1045,67.13,63.8,63.99,62.5,0.89,12246,38699,78400269,767894,0.064,15.6
2020/8/16,34662,608,67.13,63.8,63.99,62.5,0.88,11991,38850,78973222,572953,0.063,15.9
2020/8/17,37849,469,67.13,63.8,63.99,62.5,0.87,11967,39032,79650289,677067,0.063,15.9
2020/8/18,44902,1225,67.13,63.8,63.99,62.5,0.86,11958,38897,80546064,895775,0.061,16.4
2020/8/19,45884,689,67.13,63.8,63.99,62.5,0.86,11571,38002,81551369,1005305,0.06,16.7
2020/8/20,45131,1100,67.13,63.8,63.99,62.5,0.86,11263,37321,82548374,997005,0.059,16.9
2020/8/21,47591,1092,67.13,63.8,63.99,62.5,0.86,11031,35989,83514154,965780,0.058,17.2
2020/8/22,45675,966,67.13,63.8,63.99,62.5,0.87,10779,34888,84308663,794509,0.057,17.5
2020/8/23,31911,495,67.13,63.8,63.99,62.5,0.88,10738,34609,84870759,562096,0.057,17.5
2020/8/24,33923,423,67.13,63.8,63.99,62.5,0.9,10691,34791,85537791,667032,0.056,17.9
2020/8/25,42674,1226,67.13,63.8,63.99,62.5,0.91,10603,34479,86444051,906260,0.056,17.9
2020/8/26,42075,1157,67.13,63.8,63.99,62.5,0.92,10383,33624,87462268,1018217,0.056,17.9
2020/8/27,50518,1099,67.13,63.8,63.99,62.5,0.93,9905,33285,88483291,1021023,0.056,17.9
2020/8/28,46471,928,67.13,63.8,63.99,62.5,0.93,9883,31898,89470835,987544,0.056,17.9
2020/8/29,43101,976,67.13,63.8,63.99,62.5,0.93,9697,31178,90269459,798624,0.055,18.2
2020/8/30,34131,440,67.13,63.8,63.99,62.5,0.94,9549,31075,90884339,614880,0.055,18.2
2020/8/31,33363,485,67.13,63.8,63.99,62.5,0.94,9509,31395,91546260,661921,0.055,18.2
2020/9/1,41978,1062,67.13,63.8,63.99,62.5,0.95,9472,31118,92454310,908050,0.055,18.2
2020/9/2,39961,1059,67.13,63.8,63.99,62.5,0.94,9362,30827,93482064,1027754,0.054,18.5
2020/9/3,45141,1017,67.13,63.8,63.99,62.5,0.94,9233,30297,94515298,1033234,0.054,18.5
2020/9/4,48336,963,67.13,63.8,63.99,62.5,0.93,9228,29879,95515291,999993,0.053,18.9
2020/9/5,43625,805,67.13,63.8,63.99,62.5,0.92,9091,28845,96332219,816928,0.052,19.2
2020/9/6,29119,434,67.13,63.8,63.99,62.5,0.9,9010,28369,96898257,566038,0.052,19.2
2020/9/7,24563,317,67.13,63.8,63.99,62.5,0.89,8974,28589,97313478,415221,0.052,19.2
2020/9/8,26747,465,67.13,63.8,63.99,62.5,0.9,8971,28952,97977893,664415,0.051,19.6
2020/9/9,33638,1102,67.13,63.8,63.99,62.5,0.93,8784,28775,98937536,959643,0.05,20
2020/9/10,39448,906,67.13,63.8,63.99,62.5,0.96,8590,28066,100026119,1088583,0.049,20.4
2020/9/11,44623,1148,67.13,63.8,63.99,62.5,1,8529,27368,101127041,1100922,0.047,21.3
2020/9/12,45584,735,62.5,61.2,61.01,62.5,1.02,8308,26496,101993254,866213,0.047,21.3
2020/9/13,40292,391,62.5,61.2,61.01,62.5,1.04,8261,26329,102621545,628291,0.047,21.3
2020/9/14,32565,419,62.5,61.2,61.01,62.5,1.04,8264,26787,103330673,709128,0.046,21.7
2020/9/15,37178,1198,62.5,61.2,61.01,62.5,1.04,8158,26934,104298662,967989,0.046,21.7
2020/9/16,38292,937,62.5,61.2,61.01,62.5,1.04,8074,26372,105438930,1140268,0.046,21.7
2020/9/17,45318,855,62.5,61.98,61.9,62.5,1.04,8025,26085,106597420,1158490,0.046,21.7
2020/9/18,50186,956,62.5,61.98,61.9,62.5,1.05,7970,25833,107827561,1230141,0.046,21.7
2020/9/19,45777,695,62.5,61.98,61.9,62.5,1.05,7833,25481,108766635,939074,0.045,22.2
2020/9/20,41610,259,62.5,61.98,61.9,62.5,1.05,7840,25543,109391215,624580,0.045,22.2
2020/9/21,32044,406,62.5,61.98,61.9,62.5,1.03,7856,26379,110142071,750856,0.046,21.7
2020/9/22,38272,1026,62.5,61.98,61.9,62.5,1.03,7862,26440,111172372,1030301,0.046,21.7
2020/9/23,41119,1047,62.5,61.98,61.9,62.5,1.03,7861,26483,112378065,1205693,0.046,21.7
2020/9/24,48881,895,62.5,61.98,61.9,62.5,1.02,7830,26406,113581273,1203208,0.046,21.7
2020/9/25,47137,909,62.5,61.98,61.9,62.5,1.02,7813,26274,114711867,1130594,0.046,21.7
2020/9/26,43548,772,62.5,61.98,61.9,62.5,1.02,7796,25903,115651418,939551,0.047,21.3
2020/9/27,33779,302,62.5,61.98,61.9,62.5,1.02,8067,25970,116249061,597643,0.047,21.3
2020/9/28,37740,334,62.5,61.98,61.9,62.5,1.03,7915,27021,116917417,668356,0.048,20.8
2020/9/29,42034,895,62.5,61.98,61.9,62.5,1.03,8043,27506,117902507,985090,0.048,20.8
2020/9/30,38633,907,62.5,61.98,61.9,62.5,1.03,8070,27668,119104048,1201541,0.048,20.8
2020/10/1,46246,897,62.5,61.98,61.9,62.5,1.03,8005,27477,120329347,1225299,0.048,20.8
2020/10/2,53445,835,62.5,61.98,61.9,62.5,1.05,7957,27408,121522101,1192754,0.049,20.4
2020/10/3,49280,671,62.5,61.98,61.9,62.5,1.06,7964,27271,122498585,976484,0.048,20.8
2020/10/4,33131,369,62.5,61.98,61.9,62.5,1.06,8119,27871,123140047,641462,0.048,20.8
2020/10/5,37358,470,62.5,61.98,61.9,62.5,1.07,8332,28956,123947919,807872,0.048,20.8
2020/10/6,44546,696,62.5,61.98,61.9,62.5,1.09,8569,29999,125176001,1228082,0.048,20.8
2020/10/7,49138,905,62.5,61.98,61.9,62.5,1.1,8638,30542,126590142,1414141,0.048,20.8
2020/10/8,57891,977,62.5,61.98,61.9,62.5,1.11,8624,31014,128025089,1434947,0.048,20.8
2020/10/9,55080,967,62.5,61.98,61.9,62.5,1.11,8723,31206,129427476,1402387,0.048,20.8
2020/10/10,55368,653,62.5,61.98,61.9,62.5,1.12,8730,30982,130534025,1106549,0.049,20.4
2020/10/11,46900,457,62.5,61.98,61.9,62.5,1.12,8819,31430,131282117,748092,0.05,20
2020/10/12,42082,390,62.5,61.98,61.9,62.5,1.12,9047,32758,132093166,811049,0.052,19.2
2020/10/13,50124,772,66.2,64.06,64.29,62.5,1.13,9411,33506,133158979,1065813,0.053,18.9
2020/10/14,58442,989,66.2,64.06,64.29,62.5,1.14,9303,33935,134391656,1232677,0.055,18.2
2020/10/15,63537,828,66.2,64.06,64.29,62.5,1.15,9478,34387,135698294,1306638,0.057,17.5
2020/10/16,70175,926,66.2,64.06,64.29,62.5,1.15,9538,34639,137030146,1331852,0.058,17.2
2020/10/17,54832,809,66.2,64.06,64.29,62.5,1.15,9516,34319,138150933,1120787,0.058,17.2
2020/10/18,52173,458,66.2,64.06,64.29,62.5,1.17,9725,35012,138921991,771058,0.059,16.9
2020/10/19,67884,479,66.2,64.06,64.29,62.5,1.18,10075,36431,139798235,876244,0.059,16.9
2020/10/20,61740,933,66.2,64.06,64.29,62.5,1.17,10215,37411,141076321,1278086,0.06,16.7
2020/10/21,60706,1157,66.2,64.06,64.29,62.5,1.17,10437,38114,142557124,1480803,0.06,16.7
2020/10/22,79621,838,66.2,64.06,64.29,62.5,1.18,10650,38848,144090776,1533652,0.061,16.4
2020/10/23,81662,945,66.2,64.06,64.29,62.5,1.18,10711,39075,145557421,1466645,0.063,15.9
2020/10/24,78376,960,66.2,64.06,64.29,62.5,1.18,10712,39345,146737687,1180266,0.064,15.6
2020/10/25,60975,445,66.2,64.06,64.29,62.5,1.18,10853,39984,147531871,794184,0.066,15.2
2020/10/26,64564,514,62.5,61.98,61.9,62.5,1.18,11110,41328,148486988,955117,0.067,14.9
2020/10/27,77224,1007,62.5,61.98,61.9,62.5,1.19,11431,42272,149827870,1340882,0.068,14.7
2020/10/28,86476,1010,62.5,61.98,61.9,62.5,1.2,11649,43442,151332618,1504748,0.069,14.5
2020/10/29,91293,988,62.5,61.98,61.9,62.5,1.21,11826,44168,152819233,1486615,0.071,14.1
2020/10/30,99849,1055,62.5,61.98,61.9,62.5,1.21,11854,45113,154321492,1502259,0.073,13.7
2020/10/31,87343,923,62.5,61.98,61.9,62.5,1.22,11887,45086,155542204,1220712,0.074,13.5
2020/11/1,77830,489,62.5,61.98,61.9,62.5,1.23,12131,46086,156442048,899844,0.075,13.3
2020/11/2,81808,554,62.5,61.98,61.9,62.5,1.25,12594,47971,157459239,1017191,0.077,13
2020/11/3,124767,1595,62.5,61.98,61.9,62.5,1.28,12928,49105,158824372,1365133,0.08,12.5
2020/11/4,100264,1108,62.5,61.98,61.9,62.5,1.27,13003,50465,160457504,1633132,0.083,12
2020/11/5,128081,1159,62.5,61.98,61.9,62.5,1.28,13228,51785,162154212,1696708,0.086,11.6
2020/11/6,127058,1206,62.5,61.98,61.9,62.5,1.27,13357,52838,163832259,1678047,0.089,11.2
2020/11/7,127065,1107,62.5,61.98,61.9,62.5,1.28,13479,53817,165288664,1456405,0.091,11
2020/11/8,119674,553,62.5,61.98,61.9,62.5,1.28,14008,55711,166300083,1011419,0.094,10.6
2020/11/9,116956,758,65.28,63.54,63.69,62.5,1.27,14409,58481,167524511,1224428,0.097,10.3
2020/11/10,136555,1408,65.28,63.54,63.69,62.5,1.27,14835,61415,169063956,1539445,0.1,10
2020/11/11,147683,1422,65.28,63.54,63.69,62.5,1.27,15116,63329,170855761,1791805,0.104,9.6
2020/11/12,158797,1195,65.28,63.54,63.69,62.5,1.27,15594,65214,172709955,1854194,0.106,9.4
2020/11/13,179518,1195,65.28,63.54,63.69,62.5,1.26,15861,66093,174615139,1905184,0.108,9.3
2020/11/14,164050,1360,65.28,63.54,63.69,62.5,1.25,16238,67215,176213854,1598715,0.109,9.2
2020/11/15,139717,767,65.28,63.54,63.69,62.5,1.23,16808,69513,177411554,1197700,0.109,9.2
2020/11/16,153087,814,75.46,69.27,70.24,62.5,1.22,17538,73098,178904101,1492547,0.108,9.3
2020/11/17,164646,1702,75.46,69.27,70.24,62.5,1.2,18088,75496,180809930,1905829,0.107,9.3
2020/11/18,171969,1918,75.46,69.27,70.24,62.5,1.19,18331,77317,182909659,2099729,0.105,9.5
2020/11/19,192303,2029,75.46,69.27,70.24,62.5,1.18,18742,78341,184986695,2077036,0.104,9.6
2020/11/20,201667,1935,75.46,69.27,70.24,62.5,1.16,18916,79734,187137979,2151284,0.103,9.7
2020/11/21,179821,1637,75.46,69.27,70.24,62.5,1.14,19091,79858,188995532,1857553,0.102,9.8
2020/11/22,146587,1051,75.46,69.27,70.24,62.5,1.12,19658,81792,190418178,1422646,0.101,9.9
2020/11/23,181511,1065,75.46,69.27,70.24,62.5,1.1,20176,84173,192092218,1674040,0.1,10
2020/11/24,173562,2132,75.46,69.27,70.24,62.5,1.07,20572,86039,194064936,1972718,0.099,10.1
2020/11/25,180214,2236,75.46,69.27,70.24,62.5,1.05,20831,87121,196290885,2225949,0.099,10.1
2020/11/26,117250,1403,75.46,69.27,70.24,62.5,1.03,21025,86550,197797398,1506513,0.099,10.1
2020/11/27,214637,1544,75.46,69.27,70.24,62.5,1.04,21327,88100,199309931,1512533,0.101,9.9
2020/11/28,168226,1349,75.46,69.27,70.24,62.5,1.05,21483,89600,200658552,1348621,0.104,9.6
2020/11/29,140344,1035,75.46,69.27,70.24,62.5,1.07,21919,92448,201810467,1151915,0.107,9.3
2020/11/30,154918,1309,75.46,69.27,70.24,62.5,1.08,22500,95095,203276058,1465591,0.11,9.1
2020/12/1,197116,2547,75.46,69.27,70.24,62.5,1.11,22868,96673,205120208,1844150,0.113,8.8
2020/12/2,196165,2810,71.76,67.19,67.86,62.5,1.12,22962,97838,207219734,2099526,0.118,8.5
2020/12/3,220231,2947,71.76,67.19,67.86,62.5,1.14,23043,97849,209368251,2148517,0.12,8.3
2020/12/4,235375,2608,71.76,67.19,67.86,62.5,1.14,23123,98140,211487139,2118888,0.12,8.3
2020/12/5,222009,2382,71.76,67.19,67.86,62.5,1.14,23172,97246,213179320,1692181,0.12,8.3
2020/12/6,179327,1389,71.76,67.19,67.86,62.5,1.13,23435,98653,214472424,1293104,0.12,8.3
2020/12/7,195461,1558,71.76,67.19,67.86,62.5,1.12,23892,101027,216013405,1540981,0.119,8.4
2020/12/8,227057,2573,71.76,67.19,67.86,62.5,1.11,24197,102304,217929253,1915848,0.119,8.4
2020/12/9,216015,3163,71.76,67.19,67.86,62.5,1.1,24612,104371,220054578,2125325,0.118,8.5
2020/12/10,236944,2977,71.76,67.19,67.86,62.5,1.09,24636,105048,222237193,2182615,0.117,8.5
2020/12/11,238910,3369,71.76,67.19,67.86,62.5,1.08,24747,105653,224294518,2057325,0.117,8.5
2020/12/12,224534,2524,71.76,67.19,67.86,62.5,1.08,24634,105358,226017479,1722961,0.118,8.5
2020/12/13,191597,1654,71.76,67.19,67.86,62.5,1.07,25074,107402,227266943,1249464,0.118,8.5
2020/12/14,209840,1645,71.76,68.44,69.29,62.5,1.07,25560,109689,228761798,1494855,0.119,8.4
2020/12/15,226316,2966,71.76,68.44,69.29,62.5,1.05,25812,110996,230708142,1946344,0.12,8.3
2020/12/16,234809,3722,71.76,68.44,69.29,62.5,1.04,25974,112009,232786054,2077912,0.12,8.3
2020/12/17,240252,3445,71.76,68.44,69.29,62.5,1.03,25894,112445,234839320,2053266,0.12,8.3
2020/12/18,247951,2930,71.76,68.44,69.29,62.5,1.02,25950,112114,236861985,2022665,0.121,8.3
2020/12/19,205851,2804,71.76,68.44,69.29,62.5,1,25801,111037,238574032,1712047,0.12,8.3
2020/12/20,187197,1702,71.76,68.44,69.29,62.5,0.99,26057,112401,239851288,1277256,0.119,8.4
2020/12/21,196860,1792,71.76,68.44,69.29,62.5,0.98,26431,114648,241380708,1529420,0.119,8.4
2020/12/22,205936,3292,71.76,68.44,69.29,62.5,0.96,26730,117527,243369325,1988617,0.118,8.5
2020/12/23,221440,3370,71.76,68.44,69.29,62.5,0.94,26928,118105,245650233,2280908,0.117,8.5
2020/12/24,212947,2914,71.76,68.44,69.29,62.5,0.92,26714,116273,247542242,1892009,0.117,8.5
2020/12/25,127172,1510,71.76,68.44,69.29,62.5,0.91,26559,113495,248620380,1078138,0.119,8.4
2020/12/26,217438,1908,71.76,68.44,69.29,62.5,0.94,26734,115520,249614899,994519,0.122,8.2
2020/12/27,135956,1431,71.76,68.44,69.29,62.5,0.96,27063,118987,250565019,950120,0.124,8.1
2020/12/28,173302,1866,71.76,68.44,69.29,62.5,1,27519,121424,251874994,1309975,0.128,7.8
2020/12/29,205978,3611,71.76,68.44,69.29,62.5,1.04,27782,122664,253762654,1887660,0.134,7.5
2020/12/30,218293,3904,71.76,68.44,69.29,62.5,1.07,27697,123921,255955329,2192675,0.141,7.1
2020/12/31,315084,3311,71.76,68.44,69.29,62.5,1.09,27748,123346,257880022,1924693,0.146,6.8
2021/1/1,178908,2242,71.76,68.44,69.29,62.5,1.08,27471,121053,259136267,1256245,0.149,6.7
2021/1/2,272281,2540,71.76,68.44,69.29,62.5,1.09,27614,122668,260255108,1118841,0.15,6.7
2021/1/3,203391,1423,71.76,68.44,69.29,62.5,1.09,28006,125595,261307214,1052106,0.15,6.7
2021/1/4,185516,1973,71.76,68.44,69.29,62.5,1.09,28266,127426,262716695,1409481,0.15,6.7
2021/1/5,232864,3594,71.76,68.44,69.29,62.5,1.1,28528,128858,264690932,1974237,0.149,6.7
2021/1/6,259760,3910,71.76,68.44,69.29,62.5,1.1,28608,129805,267030557,2339625,0.147,6.8
2021/1/7,286254,4013,71.76,68.44,69.29,62.5,1.1,28491,128819,269292959,2262402,0.144,6.9
2021/1/8,304077,4178,71.76,68.44,69.29,62.5,1.09,28365,127893,271445755,2152796,0.14,7.1
2021/1/9,264752,3235,71.76,68.44,69.29,62.5,1.06,28187,126426,273165972,1720217,0.137,7.3
2021/1/10,210849,2088,71.76,68.44,69.29,62.5,1.03,28370,126538,274336360,1170388,0.135,7.4
2021/1/11,203969,1834,71.76,68.44,69.29,62.5,1.01,28739,127639,275868008,1531648,0.132,7.6
2021/1/12,221814,4368,71.76,68.44,69.29,62.5,0.98,28891,127090,277906133,2038125,0.128,7.8
2021/1/13,229344,4012,71.76,68.44,69.29,62.5,0.95,28734,126585,280025274,2119141,0.124,8.1
2021/1/14,235581,3776,71.76,68.44,69.29,62.5,0.93,28527,133268,282116554,2091280,0.12,8.3
2021/1/15,244997,3808,71.76,68.44,69.29,62.5,0.92,28422,123790,284167372,2050818,0.118,8.5
2021/1/16,217683,3561,71.76,68.44,69.29,62.5,0.9,28120,121139,285765692,1598320,0.115,8.7
2021/1/17,176559,1987,71.76,68.44,69.29,62.5,0.88,27891,120835,286843440,1077748,0.114,8.8
2021/1/18,140826,1561,71.76,68.44,69.29,62.5,0.86,27831,120422,288139666,1296226,0.112,8.9
2021/1/19,156901,2389,71.76,68.44,69.29,62.5,0.85,27584,119383,289958135,1818469,0.11,9.1
2021/1/20,187397,4431,71.76,68.44,69.29,62.5,0.85,27003,117143,292102788,2144653,0.107,9.3
2021/1/21,192561,4118,71.76,68.44,69.29,62.5,0.85,26517,114100,294171480,2068692,0.104,9.6
2021/1/22,191775,3776,71.76,68.44,69.29,62.5,0.85,26006,111835,296110480,1939000,0.101,9.9
2021/1/23,178181,3534,71.76,68.44,69.29,62.5,0.85,25364,108126,297665995,1555515,0.099,10.1
2021/1/24,140143,1842,71.76,68.44,69.29,62.5,0.85,25121,107008,298674979,1008984,0.098,10.2
2021/1/25,129602,1763,71.76,68.44,69.29,62.5,0.85,25003,106268,299918330,1243351,0.097,10.3
2021/1/26,151010,3971,71.76,68.44,69.29,62.5,0.85,24897,104627,301713041,1794711,0.095,10.5
2021/1/27,155456,4112,71.76,68.44,69.29,62.5,0.84,24360,102664,303791619,2078578,0.092,10.9
2021/1/28,166765,3827,71.76,68.44,69.29,62.5,0.84,23786,100052,305711407,1919788,0.09,11.1
2021/1/29,163738,3577,71.76,68.44,69.29,62.5,0.84,23121,96111,307568742,1857335,0.089,11.2
2021/1/30,150937,2870,71.76,68.44,69.29,62.5,0.84,22708,92548,309017198,1448456,0.087,11.5
2021/1/31,112855,1943,71.76,68.44,69.29,62.5,0.83,22503,91438,309969140,951942,0.086,11.6
2021/2/1,125321,1768,71.76,68.44,69.29,62.5,0.83,22230,90582,311007904,1038764,0.084,11.9
2021/2/2,117030,3523,71.76,68.44,69.29,62.5,0.81,21767,89004,312649416,1641512,0.082,12.2
2021/2/3,124370,3886,68.06,66.35,66.9,62.5,0.8,21405,87294,314529230,1879814,0.079,12.7
2021/2/4,125034,3901,68.06,66.35,66.9,62.5,0.79,20872,84604,316469247,1940017,0.077,13
2021/2/5,131110,3672,68.06,66.35,66.9,62.5,0.79,20354,82139,318308885,1839638,0.075,13.3
2021/2/6,116859,2732,68.06,66.35,66.9,62.5,0.79,19863,79113,319647880,1338995,0.073,13.7
2021/2/7,89428,1465,68.06,66.35,66.9,62.5,0.79,19377,77866,320479769,831889,0.073,13.7
2021/2/8,82801,1441,68.06,66.35,66.9,62.5,0.78,19328,76870,321530361,1050592,0.071,14.1
2021/2/9,95379,3035,68.06,66.35,66.9,62.5,0.78,18929,75626,323232299,1701938,0.069,14.5
2021/2/10,95281,3394,68.06,66.35,66.9,62.5,0.77,18316,72859,324882053,1649754,0.067,14.9
2021/2/11,106775,3165,68.06,66.35,66.9,62.5,0.77,17714,70110,326307220,1425167,0.066,15.2
2021/2/12,100583,2842,68.06,66.35,66.9,62.5,0.76,17334,67539,327727166,1419946,0.065,15.4
2021/2/13,90760,2269,68.06,66.35,66.9,62.5,0.76,16865,64762,328832673,1105507,0.064,15.6
2021/2/14,68306,1175,68.06,66.35,66.9,62.5,0.75,16350,63300,329498800,666127,0.062,16.1
2021/2/15,55450,938,68.06,66.35,66.9,62.5,0.74,16227,62214,330303046,804246,0.061,16.4
2021/2/16,59224,1632,68.06,66.35,66.9,62.5,0.73,15921,61504,331560688,1257642,0.06,16.7
2021/2/17,68846,2422,68.06,66.35,66.9,62.5,0.74,15579,62253,333039118,1478430,0.059,16.9
2021/2/18,72579,2581,68.06,66.35,66.9,62.5,0.76,15024,58309,334460140,1421022,0.057,17.5
2021/2/19,75152,2523,68.06,66.35,66.9,62.5,0.78,14492,56739,335820505,1360365,0.054,18.5
2021/2/20,73782,1908,68.06,66.35,66.9,62.5,0.81,14111,54402,336882353,1061848,0.053,18.9
2021/2/21,55264,1203,68.06,66.35,66.9,62.5,0.83,13724,53615,337568209,685856,0.053,18.9
2021/2/22,55484,1195,68.06,66.35,66.9,62.5,0.86,13671,53026,338614341,1046132,0.053,18.9
2021/2/23,73861,2268,68.06,66.35,66.9,62.5,0.87,13354,51984,340266149,1651808,0.051,19.6
2021/2/24,75023,3231,68.06,66.35,66.9,62.5,0.88,12892,50965,341963960,1697811,0.05,20
2021/2/25,77277,2420,68.06,66.35,66.9,62.5,0.89,12464,49047,343583231,1619271,0.049,20.4
2021/2/26,75419,2139,68.06,66.35,66.9,62.5,0.89,12165,47229,345067495,1484264,0.049,20.4
2021/2/27,71286,1507,68.06,67.6,68.33,62.5,0.89,11716,45336,346146349,1078854,0.048,20.8
2021/2/28,51761,1084,68.06,67.6,68.33,62.5,0.89,11552,44874,346782575,636226,0.047,21.3
2021/3/1,50444,1307,68.06,67.6,68.33,62.5,0.88,11362,43721,347782558,999983,0.046,21.7
2021/3/2,58417,1917,68.06,67.6,68.33,62.5,0.88,11040,42650,349400736,1618178,0.045,22.2
2021/3/3,67053,2532,68.06,67.6,68.33,62.5,0.88,10745,42159,351146452,1745716,0.044,22.7
2021/3/4,68946,1925,64.35,65.52,65.95,62.5,0.88,10556,40176,352706661,1560209,0.043,23.3
2021/3/5,67880,1712,64.35,65.52,65.95,62.5,0.89,10323,39582,354143949,1437288,0.042,23.8
2021/3/6,61031,1503,64.35,65.52,65.95,62.5,0.89,10029,38207,355213525,1069576,0.042,23.8
2021/3/7,41609,690,64.35,65.52,65.95,62.5,0.89,9848,37770,355825822,612297,0.042,23.8
2021/3/8,44098,694,64.35,65.52,65.95,62.5,0.89,9790,37687,356807994,982172,0.042,23.8
2021/3/9,55505,1776,64.35,65.52,65.95,62.5,0.89,9612,37040,358354264,1546270,0.041,24.4
2021/3/10,57773,1540,64.35,65.52,65.95,62.5,0.9,9456,36666,359976290,1622026,0.041,24.4
2021/3/11,61791,1553,64.35,65.52,65.95,62.5,0.91,9242,35915,361482123,1505833,0.041,24.4
2021/3/12,62604,1413,64.35,65.52,65.95,62.5,0.92,9120,35648,362885903,1403780,0.042,23.8
2021/3/13,56820,969,64.35,65.52,65.95,62.5,0.93,8907,34984,363913943,1028040,0.042,23.8
2021/3/14,39276,510,64.35,65.52,65.95,62.5,0.95,8775,34413,364494737,580794,0.042,23.8
2021/3/15,51034,693,64.35,65.52,65.95,62.5,0.96,8787,34701,365448928,954191,0.042,23.8
2021/3/16,54065,1255,64.35,65.52,65.95,62.5,0.96,8736,34577,366953765,1504837,0.043,23.3
2021/3/17,59274,1189,64.35,65.52,65.95,62.5,0.96,8682,34595,368577077,1623312,0.043,23.3
2021/3/18,62389,1633,64.35,65.52,65.95,62.5,0.97,8521,34104,370057077,1480000,0.043,23.3
2021/3/19,61634,1023,64.35,65.52,65.95,62.5,0.98,8422,34035,371405372,1348295,0.044,22.7
2021/3/20,58865,764,64.35,65.52,65.95,62.5,1,8241,33214,372396914,991542,0.044,22.7
2021/3/21,35378,716,64.35,65.52,65.95,62.5,1.01,8127,33283,373012291,615377,0.044,22.7
2021/3/22,47427,548,66.2,66.56,67.14,62.5,1.03,8347,33742,373991547,979256,0.044,22.7
2021/3/23,52859,944,61.57,63.96,64.17,62.5,1.06,8379,33996,375527124,1535577,0.045,22.2
2021/3/24,87758,1458,61.57,63.96,64.17,62.5,1.1,8489,34368,377190220,1663096,0.046,21.7
2021/3/25,67629,1347,61.57,63.96,64.17,62.5,1.09,8338,34362,378642725,1452505,0.047,21.3
2021/3/26,76372,1153,61.57,63.96,64.17,62.5,1.09,8329,34634,380020703,1377978,0.048,20.8
2021/3/27,64055,806,61.57,63.96,64.17,62.5,1.08,8201,33946,381021557,1000854,0.049,20.4
2021/3/28,46320,441,61.57,63.96,64.17,62.5,1.08,8359,34464,381646086,624529,0.05,20
2021/3/29,65872,625,58.8,62.4,62.38,62.5,1.07,8439,35027,382658175,1012089,0.051,19.6
2021/3/30,61691,894,56.94,62.6,62.62,62.5,1.06,8572,35418,384194629,1536454,0.052,19.2
2021/3/31,69532,1075,56.94,62.6,62.62,62.5,1.05,8502,35568,385779862,1585233,0.053,18.9
2021/4/1,76859,1101,56.94,62.6,62.62,62.5,1.05,8470,35571,387226890,1447028,0.053,18.9
2021/4/2,74025,885,56.94,62.6,62.62,62.5,1.04,8466,35607,388574549,1347659,0.053,18.9
2021/4/3,64881,752,56.94,62.6,62.62,62.5,1.04,8541,35195,389546864,972315,0.054,18.5
2021/4/4,37923,310,56.94,62.6,62.62,62.5,1.04,8606,35675,390112005,565141,0.054,18.5
2021/4/5,67090,458,56.94,62.6,62.62,62.5,1.05,8849,36624,391063612,951607,0.054,18.5
2021/4/6,62827,827,56.94,62.6,62.62,62.5,1.05,9012,37551,392619212,1555600,0.054,18.5
2021/4/7,75778,2600,56.94,62.6,62.62,62.5,1.06,9024,37752,394289367,1670155,0.055,18.2
2021/4/8,80065,1027,56.94,62.6,62.62,62.5,1.06,9194,37953,395808524,1519157,0.055,18.2
2021/4/9,84753,907,56.94,62.6,62.62,62.5,1.06,9145,37856,397262047,1453523,0.055,18.2
2021/4/10,70535,758,56.94,62.6,62.62,62.5,1.05,9130,37546,398274520,1012473,0.055,18.2
2021/4/11,47456,288,56.94,62.6,62.62,62.5,1.05,9245,38089,398920209,645689,0.055,18.2
2021/4/12,62184,443,56.94,62.6,62.62,62.5,1.04,9452,38927,399977328,1057119,0.055,18.2
2021/4/13,80841,879,56.94,62.6,62.62,62.5,1.03,9536,39201,401591544,1614216,0.055,18.2
2021/4/14,75605,933,56.94,62.6,62.62,62.5,1.01,9583,39474,403268564,1677020,0.054,18.5
2021/4/15,73980,908,56.94,62.6,62.62,62.5,0.99,9476,39188,404754282,1485718,0.054,18.5
2021/4/16,83473,865,56.94,62.6,62.62,62.5,0.97,9530,39406,406211055,1456773,0.054,18.5
2021/4/17,55488,705,56.94,62.6,62.62,62.5,0.95,9551,39012,407219889,1008834,0.053,18.9
2021/4/18,43830,347,56.94,62.6,62.62,62.5,0.94,9632,39460,407833035,613146,0.052,19.2
2021/4/19,58550,487,56.94,63.85,64.05,62.5,0.93,9828,40212,408853515,1020480,0.052,19.2
2021/4/20,62440,846,56.94,63.85,64.05,62.5,0.92,9918,40206,410424844,1571329,0.051,19.6
2021/4/21,64347,891,56.94,63.85,64.05,62.5,0.9,9917,40051,412080640,1655796,0.05,20
2021/4/22,66718,939,56.94,63.85,64.05,62.5,0.89,9842,39201,413579030,1498390,0.049,20.4
2021/4/23,62896,752,56.94,63.85,64.05,62.5,0.88,9705,38562,414990972,1411942,0.048,20.8
2021/4/24,54972,757,56.94,63.85,64.05,62.5,0.88,9572,37357,415986414,995442,0.047,21.3
2021/4/25,34769,300,56.94,63.85,64.05,62.5,0.88,9546,37133,416577106,590692,0.046,21.7
2021/4/26,42286,473,56.94,63.85,64.05,62.5,0.87,9759,37540,417576507,999401,0.046,21.7
2021/4/27,52284,675,56.94,63.85,64.05,62.5,0.87,9665,37207,419151636,1575129,0.045,22.2
2021/4/28,55187,1001,56.94,63.85,64.05,62.5,0.87,9537,36886,420733066,1581430,0.044,22.7
2021/4/29,58826,885,56.94,63.85,64.05,62.5,0.87,9371,35988,422153876,1420810,0.043,23.3
2021/4/30,58102,804,56.94,63.85,64.05,62.5,0.88,9242,35364,423470120,1316244,0.043,23.3
2021/5/1,48777,746,56.94,63.85,64.05,62.5,0.88,9105,34005,424375242,905122,0.043,23.3
2021/5/2,30555,322,56.94,63.85,64.05,62.5,0.87,9075,33764,424898211,522969,0.042,23.8
2021/5/3,44621,474,56.94,63.85,64.05,62.5,0.86,9209,33964,425795921,897710,0.042,23.8
2021/5/4,42896,912,56.94,63.85,64.05,62.5,0.85,9180,33755,427219484,1423563,0.041,24.4
2021/5/5,46044,816,56.94,65.1,65.48,62.5,0.83,8954,33349,428751484,1532000,0.04,25
2021/5/6,46180,823,56.94,65.1,65.48,62.5,0.82,8833,32505,430062804,1311320,0.039,25.6
2021/5/7,48414,817,56.94,65.1,65.48,62.5,0.82,8646,31832,431241878,1179074,0.038,26.3
2021/5/8,35657,636,56.94,65.1,65.48,62.5,0.82,8468,30635,432095170,853292,0.037,27
2021/5/9,22870,257,52.31,60.94,62.5,50,0.82,8359,30154,432580361,485191,0.036,27.8
2021/5/10,32377,389,52.31,60.94,62.5,50,0.82,8341,29987,433441038,860677,0.035,28.6
2021/5/11,35478,695,52.31,60.94,62.5,50,0.81,8298,29482,434777924,1336886,0.035,28.6
2021/5/12,36151,797,52.31,60.94,62.5,50,0.81,8115,29116,436123559,1345635,0.034,29.4
2021/5/13,38737,790,52.31,60.94,62.5,50,0.81,7917,28174,437319855,1196296,0.033,30.3
2021/5/14,42217,627,52.31,60.94,62.5,50,0.81,7628,27422,438406968,1087113,0.032,31.2
2021/5/15,30758,531,52.31,60.94,62.5,50,0.81,7409,26184,439195578,788610,0.031,32.3
2021/5/16,17692,267,52.31,60.94,62.5,50,0.81,7270,25646,439650123,454545,0.031,32.3
2021/5/17,25243,393,52.31,60.94,62.5,50,0.8,7299,25563,440448752,798629,0.03,33.3
2021/5/18,28918,783,52.31,60.94,62.5,50,0.78,7163,25023,441663895,1215143,0.03,33.3
2021/5/19,29604,674,52.31,60.94,62.5,50,0.77,7059,24929,442845017,1181122,0.029,34.5
2021/5/20,30219,686,52.31,60.94,62.5,50,0.76,6841,23954,443854319,1009302,0.029,34.5
2021/5/21,28825,623,52.31,60.94,62.5,50,0.76,6664,23397,444840578,986259,0.028,35.7
2021/5/22,21213,487,52.31,60.94,62.5,50,0.77,6472,22643,445550634,710056,0.027,37
2021/5/23,13785,196,46.76,55.21,55.95,50,0.79,6412,22445,445959714,409080,0.027,37
2021/5/24,21874,432,46.76,55.21,55.95,50,0.79,6419,22431,446672757,713043,0.027,37
2021/5/25,24592,646,46.76,55.21,55.95,50,0.78,6311,22087,447747394,1074637,0.026,38.5
2021/5/26,24595,992,46.76,55.21,55.95,50,0.77,6140,21603,448798962,1051568,0.025,40
2021/5/27,26843,1356,46.76,55.21,55.95,50,0.74,6000,21056,449727166,928204,0.025,40
2021/5/28,22244,531,46.76,55.21,55.95,50,0.72,5778,20398,450566268,839102,0.024,41.7
2021/5/29,13311,343,46.76,55.21,55.95,50,0.71,5606,19474,451146180,579912,0.024,41.7
2021/5/30,7354,149,46.76,55.21,55.95,50,0.71,5525,19062,451506479,360299,0.023,43.5
2021/5/31,6275,172,46.76,55.21,55.95,50,0.71,5542,18678,451822888,316409,0.023,43.5
2021/6/1,20854,632,46.76,55.21,55.95,50,0.75,5491,18657,452532515,709627,0.023,43.5
2021/6/2,16714,562,46.76,55.21,55.95,50,0.75,5322,18087,453642802,1110287,0.022,45.5
2021/6/3,18394,635,46.76,55.21,55.95,50,0.76,5175,17634,454632187,989385,0.021,47.6
2021/6/4,17865,521,46.76,55.21,55.95,50,0.77,4995,16970,455502161,869974,0.02,50
2021/6/5,15605,584,46.76,55.21,55.95,50,0.81,4768,16298,456119107,616946,0.02,50
2021/6/6,6017,163,46.76,55.21,55.95,50,0.83,4677,15987,456487966,368859,0.019,52.6
2021/6/7,14072,316,46.76,55.21,55.95,50,0.85,4685,15742,457132708,644742,0.019,52.6
2021/6/8,13040,320,46.76,55.21,55.95,50,0.85,4608,15630,458018680,885972,0.018,55.6
2021/6/9,18565,485,46.76,55.21,55.95,50,0.87,4479,15266,458886312,867632,0.018,55.6
2021/6/10,14780,413,46.76,55.21,55.95,50,0.86,4383,14838,459671263,784951,0.018,55.6
2021/6/11,25151,533,46.76,55.21,55.95,50,0.86,4300,14421,460435723,764460,0.018,55.6
2021/6/12,9160,276,46.76,55.21,55.95,50,0.85,4186,13940,460993229,557506,0.018,55.6
2021/6/13,5271,108,46.76,55.21,55.95,50,0.85,4049,13957,461338840,345611,0.018,55.6
2021/6/14,11785,184,61.57,63.54,65.48,50,0.84,4068,13929,461936723,597883,0.017,58.8
2021/6/15,10729,330,61.57,63.54,65.48,50,0.84,3939,13722,462768747,832024,0.017,58.8
2021/6/16,11906,386,61.57,63.54,65.48,50,0.83,3880,13496,463561865,793118,0.017,58.8
2021/6/17,11763,324,61.57,63.54,65.48,50,0.85,3806,13094,464287116,725251,0.017,58.8
2021/6/18,21182,606,61.57,63.54,65.48,50,0.87,3739,12855,464980985,693869,0.018,55.6
2021/6/19,9051,182,61.57,63.54,65.48,50,0.9,3673,12483,465477884,496899,0.018,55.6
2021/6/20,4921,75,61.57,63.54,65.48,50,0.92,3663,12503,465811291,333407,0.018,55.6
2021/6/21,10554,258,61.57,63.54,65.48,50,0.94,3708,12593,466382192,570901,0.018,55.6
2021/6/22,10797,345,61.57,63.54,65.48,50,0.96,3744,12539,467164697,782505,0.019,52.6
2021/6/23,12665,398,61.57,63.54,65.48,50,0.98,3700,12612,467929183,764486,0.019,52.6
2021/6/24,14474,342,61.57,63.54,65.48,50,1.01,3636,12397,468623887,694704,0.019,52.6
2021/6/25,24603,522,61.57,63.54,65.48,50,1.02,3617,12408,469297267,673380,0.02,50
2021/6/26,9370,154,61.57,63.54,65.48,50,1.04,3562,12238,469789929,492662,0.02,50
2021/6/27,4622,76,61.57,63.54,65.48,50,1.04,3525,12233,470128929,339000,0.02,50
2021/6/28,13623,146,61.57,63.54,65.48,50,1.04,3617,12510,470681556,552627,0.021,47.6
2021/6/29,7477,329,61.57,65.62,67.86,50,1.03,3676,12664,471379041,697485,0.022,45.5
2021/6/30,15352,303,61.57,65.62,67.86,50,1.08,3673,12881,472056901,677860,0.024,41.7
2021/7/1,15121,283,61.57,65.62,67.86,50,1.11,3614,12865,472699201,642300,0.025,40
2021/7/2,29756,433,61.57,65.62,67.86,50,1.12,4027,13236,473298955,599754,0.026,38.5
2021/7/3,5414,93,61.57,65.62,67.86,50,1.14,3753,12918,473745492,446537,0.027,37
2021/7/4,4285,41,61.57,65.62,67.86,50,1.17,3777,13121,474005674,260182,0.028,35.7
2021/7/5,8902,125,61.57,65.62,67.86,50,1.22,3883,13433,474312617,306943,0.029,34.5
2021/7/6,22282,301,61.57,65.62,67.86,50,1.33,3980,13974,474904044,591427,0.031,32.3
2021/7/7,20177,322,61.57,65.62,67.86,50,1.38,4132,14665,475682033,777989,0.033,30.3
2021/7/8,20863,244,49.54,58.85,60.12,50,1.42,4297,15074,476407122,725089,0.035,28.6
2021/7/9,47595,464,49.54,58.85,60.12,50,1.44,4369,15409,477072490,665368,0.037,27
2021/7/10,10120,86,49.54,58.85,60.12,50,1.44,4442,15710,477560353,487863,0.039,25.6
2021/7/11,11747,122,49.54,58.85,60.12,50,1.45,4637,16396,477902267,341914,0.041,24.4
2021/7/12,29424,229,49.54,58.85,60.12,50,1.47,4883,17330,478490268,588001,0.043,23.3
2021/7/13,26533,359,49.54,58.85,60.12,50,1.48,5072,18204,479229180,738912,0.045,22.2
2021/7/14,31125,328,49.54,58.85,60.12,50,1.49,5255,19085,479988592,759412,0.048,20.8
2021/7/15,31963,350,49.54,57.29,60.12,37.5,1.51,5474,19915,480756819,768227,0.051,19.6
2021/7/16,78111,453,49.54,57.29,60.12,37.5,1.53,5785,20874,481481755,724936,0.054,18.5
2021/7/17,14102,77,49.54,57.29,60.12,37.5,1.51,5994,21595,482008055,526300,0.056,17.9
2021/7/18,20328,87,49.54,57.29,60.12,37.5,1.51,6272,22564,482404884,396829,0.058,17.2
2021/7/19,48843,190,49.54,57.29,60.12,37.5,1.51,6717,24261,483063691,658807,0.061,16.4
2021/7/20,39729,289,49.54,57.29,60.12,37.5,1.5,7115,25700,483964471,900780,0.064,15.6
2021/7/21,47732,361,49.54,57.29,60.12,37.5,1.52,7408,27057,484892401,927930,0.068,14.7
2021/7/22,56532,289,49.54,57.29,60.12,37.5,1.54,7687,28605,485808602,916201,0.071,14.1
2021/7/23,120801,556,49.54,57.29,60.12,37.5,1.54,8097,30295,486689894,881292,0.074,13.5
2021/7/24,28745,126,49.54,57.29,60.12,37.5,1.52,8419,31469,487343876,653982,0.077,13
2021/7/25,27972,98,49.54,57.29,60.12,37.5,1.5,8867,33406,487835800,491924,0.079,12.7
2021/7/26,79374,258,49.54,55.21,57.74,37.5,1.49,9448,35748,488620812,785012,0.083,12
2021/7/27,64994,444,49.54,55.21,57.74,37.5,1.48,9994,38296,489656195,1035383,0.086,11.6
2021/7/28,73570,375,49.54,55.21,57.74,37.5,1.48,10378,40482,490763576,1107381,0.09,11.1
2021/7/29,72559,318,49.54,55.21,57.74,37.5,1.48,10919,42200,491874060,1110484,0.093,10.8
2021/7/30,191449,881,49.54,55.21,57.74,37.5,1.5,11463,44541,492922754,1048694,0.096,10.4
2021/7/31,43894,168,49.54,55.21,57.74,37.5,1.47,12109,46428,493688569,765815,0.098,10.2
2021/8/1,44570,224,49.54,52.08,57.74,12.5,1.44,12698,48538,494256737,568168,0.1,10
2021/8/2,108361,345,49.54,52.08,57.74,12.5,1.41,13481,51780,495223836,967099,0.101,9.9
2021/8/3,97752,577,49.54,55.21,57.74,37.5,1.4,14052,54470,496489901,1266065,0.102,9.8
2021/8/4,102437,540,49.54,55.21,57.74,37.5,1.38,14635,56954,497812073,1322172,0.103,9.7
2021/8/5,109692,513,49.54,55.21,57.74,37.5,1.39,15193,59587,499193840,1381767,0.103,9.7
2021/8/6,251894,1133,49.54,55.21,57.74,37.5,1.39,15732,62122,500531206,1337366,0.103,9.7
2021/8/7,62999,255,49.54,55.21,57.74,37.5,1.36,16164,63544,501537066,1005860,0.103,9.7
2021/8/8,34874,124,49.54,55.21,57.74,37.5,1.32,16784,66369,502252924,715858,0.103,9.7
2021/8/9,159789,521,49.54,55.21,57.74,37.5,1.3,17707,69838,503386490,1133566,0.104,9.6
2021/8/10,117802,833,56.02,58.85,61.9,37.5,1.28,18264,72521,504825978,1439488,0.104,9.6
2021/8/11,154437,790,56.02,58.85,61.9,37.5,1.26,19016,74850,506358177,1532199,0.105,9.5
2021/8/12,144076,1023,56.02,58.85,61.9,37.5,1.23,19537,76968,507891078,1532901,0.105,9.5
2021/8/13,226823,1048,56.02,58.85,61.9,37.5,1.2,20076,78580,509421332,1530254,0.105,9.5
2021/8/14,73064,266,56.02,58.85,61.9,37.5,1.2,20401,79622,510550169,1128837,0.105,9.5
2021/8/15,46786,204,56.02,58.85,61.9,37.5,1.21,21077,81624,511345470,795301,0.105,9.5
2021/8/16,194360,1025,56.02,58.85,61.9,37.5,1.2,21673,84313,512626562,1281092,0.105,9.5
2021/8/17,150591,1023,56.02,58.85,61.9,37.5,1.19,22303,86744,514234536,1607974,0.104,9.6
2021/8/18,167607,1201,56.02,58.85,61.9,37.5,1.16,22700,88657,515940102,1705566,0.104,9.6
2021/8/19,155220,1777,56.02,58.85,61.9,37.5,1.14,23034,89427,517592498,1652396,0.103,9.7
2021/8/20,239079,1460,56.02,58.85,61.9,37.5,1.12,23399,90191,519137350,1544852,0.103,9.7
2021/8/21,92190,564,56.02,58.85,61.9,37.5,1.13,23653,90417,520314105,1176755,0.103,9.7
2021/8/22,44203,205,56.02,58.85,61.9,37.5,1.13,24082,92239,521154040,839935,0.103,9.7
2021/8/23,208234,1330,56.02,58.85,61.9,37.5,1.13,24559,94682,522476450,1322410,0.104,9.6
2021/8/24,154460,1411,56.02,58.85,61.9,37.5,1.11,25053,95991,524288202,1811752,0.103,9.7
2021/8/25,178970,1540,56.02,58.85,61.9,37.5,1.1,25071,96009,526243969,1955767,0.102,9.8
2021/8/26,183774,2197,56.02,58.85,61.9,37.5,1.09,25249,96369,528206981,1963012,0.102,9.8
2021/8/27,238680,1733,56.02,58.85,61.9,37.5,1.07,25365,96192,530101054,1894073,0.1,10
2021/8/28,78893,649,56.02,58.85,61.9,37.5,1.07,25435,95071,531539017,1437963,0.099,10.1
2021/8/29,52015,310,56.02,58.85,61.9,37.5,1.09,25781,96125,532523647,984630,0.098,10.2
2021/8/30,229214,1708,57.87,59.9,63.1,37.5,1.1,25919,97200,533982494,1458847,0.097,10.3
2021/8/31,179944,1420,57.87,59.9,63.1,37.5,1.08,25904,97820,535956301,1973807,0.097,10.3
2021/9/1,190511,2034,52.31,56.77,59.52,37.5,1.05,25973,98027,537996263,2039962,0.095,10.5
2021/9/2,179123,2993,52.31,56.77,59.52,37.5,1.03,26045,97811,539967841,1971578,0.094,10.6
2021/9/3,235432,1930,52.31,56.77,59.52,37.5,1,25961,96835,541837423,1869582,0.094,10.6
2021/9/4,85911,649,52.31,56.77,59.52,37.5,0.99,25609,95082,543199917,1362494,0.094,10.6
2021/9/5,63503,406,52.31,55.21,59.52,25,0.97,25630,95280,544193657,993740,0.094,10.6
2021/9/6,93741,624,52.31,55.21,59.52,25,0.95,25801,95910,545018724,825067,0.093,10.8
2021/9/7,209173,2071,52.31,55.21,59.52,25,1,26099,96810,546425208,1406484,0.094,10.6
2021/9/8,176911,2292,52.31,55.21,59.52,25,1.01,26008,96525,548471825,2046617,0.093,10.8
2021/9/9,166421,3215,52.31,55.21,59.52,25,1.01,25925,95684,550542420,2070595,0.092,10.9
2021/9/10,242018,2472,52.31,55.21,59.52,25,1.01,25747,94559,552611518,2069098,0.09,11.1
2021/9/11,89123,822,52.31,55.21,59.52,25,1.01,25326,91979,554146767,1535249,0.088,11.4
2021/9/12,48346,370,52.31,55.21,59.52,25,1,25292,91541,555134250,987483,0.088,11.4
2021/9/13,210778,2160,56.02,57.29,61.9,25,1,25514,92158,556627763,1493513,0.087,11.5
2021/9/14,145407,1889,56.02,57.29,61.9,25,0.98,25218,90633,558518618,1890855,0.084,11.9
2021/9/15,173248,2739,56.02,57.29,61.9,25,0.97,24886,89577,560648638,2130020,0.082,12.2
2021/9/16,158777,3461,56.02,57.29,61.9,25,0.95,24734,88250,562665345,2016707,0.081,12.3
2021/9/17,210855,2444,56.02,57.29,61.9,25,0.94,24435,86780,564586706,1921361,0.08,12.5
2021/9/18,74973,980,56.02,57.29,61.9,25,0.93,23978,84373,565983643,1396937,0.079,12.7
2021/9/19,44873,389,56.02,57.29,61.9,25,0.91,23779,83494,566945884,962241,0.078,12.8
2021/9/20,171795,2304,56.02,57.29,61.9,25,0.9,23686,83675,568336237,1390353,0.077,13
2021/9/21,121732,2440,56.02,57.29,61.9,25,0.88,23536,82358,570266571,1930334,0.074,13.5
2021/9/22,131347,2685,56.02,57.29,61.9,25,0.88,23136,80874,572334369,2067798,0.073,13.7
2021/9/23,129159,3290,56.02,57.29,61.9,25,0.88,22585,79242,574334704,2000335,0.071,14.1
2021/9/24,174765,2473,56.02,57.29,61.9,25,0.89,22185,77387,576253991,1919287,0.07,14.3
2021/9/25,60497,837,56.02,57.29,61.9,25,0.9,21727,74807,577610534,1356543,0.069,14.5
2021/9/26,54315,568,56.02,57.29,61.9,25,0.9,21543,74161,578490307,879773,0.068,14.7
2021/9/27,155934,2265,56.02,57.29,61.9,25,0.9,21256,73886,579722866,1232559,0.067,14.9
2021/9/28,112749,2502,56.02,57.29,61.9,25,0.89,20882,72525,581602908,1880042,0.067,14.9
2021/9/29,121384,2615,56.02,57.29,61.9,25,0.88,20406,70722,583621558,2018650,0.066,15.2
2021/9/30,110394,2803,56.02,57.29,61.9,25,0.88,19802,68918,585560884,1939326,0.065,15.4
2021/10/1,154831,2147,56.02,57.29,61.9,25,0.89,19272,67124,587392357,1831473,0.064,15.6
2021/10/2,48206,823,56.02,57.29,61.9,25,0.89,18942,64834,588715205,1322848,0.063,15.9
2021/10/3,44778,536,56.02,57.29,61.9,25,0.89,18770,64381,589519655,804450,0.063,15.9
2021/10/4,142917,1922,56.02,54.17,61.9,0,0.89,18674,64486,590797226,1277571,0.062,16.1
2021/10/5,95227,1872,56.02,54.17,61.9,0,0.88,18261,63506,592646303,1849077,0.061,16.4
2021/10/6,112177,2649,56.02,54.17,61.9,0,0.88,17915,62392,594629695,1983392,0.06,16.7
2021/10/7,101524,2463,56.02,54.17,61.9,0,0.88,17482,61093,596537026,1907331,0.059,16.9
2021/10/8,131422,1800,56.02,54.17,61.9,0,0.88,17010,59459,598327257,1790231,0.059,16.9
2021/10/9,38830,427,56.02,54.17,61.9,0,0.88,17622,57938,599567067,1239810,0.058,17.2
2021/10/10,39670,477,56.02,54.17,61.9,0,0.88,18131,57494,600295554,728487,0.058,17.2
2021/10/11,96063,1181,56.02,54.17,61.9,0,0.88,18096,57618,601454997,1159443,0.058,17.2
2021/10/12,110605,2296,56.02,54.17,61.9,0,0.9,17969,56985,603116601,1661604,0.058,17.2
2021/10/13,108457,3208,56.02,54.17,61.9,0,0.9,17751,55892,604981507,1864906,0.057,17.5
2021/10/14,86941,2165,56.02,54.17,61.9,0,0.89,17281,54564,606864376,1882869,0.056,17.9
2021/10/15,109471,1799,56.02,54.17,61.9,0,0.88,17015,53356,608583394,1719018,0.055,18.2
2021/10/16,39781,546,56.02,54.17,61.9,0,0.88,16459,51835,609782550,1199156,0.054,18.5
2021/10/17,31650,462,56.02,54.17,61.9,0,0.88,16271,51502,610483922,701372,0.053,18.9
2021/10/18,98941,1774,56.02,54.17,61.9,0,0.88,16486,51723,611719058,1235136,0.052,19.2
2021/10/19,81903,2129,56.02,54.17,61.9,0,0.88,16269,50595,613440039,1720981,0.051,19.6
2021/10/20,91605,3171,56.02,54.17,61.9,0,0.89,15972,49315,615327074,1887035,0.05,20
2021/10/21,78067,1988,56.02,54.17,61.9,0,0.89,15606,48405,617168859,1841785,0.05,20
2021/10/22,95948,1861,56.02,54.17,61.9,0,0.9,15395,47452,618787989,1619130,0.05,20
2021/10/23,32405,541,56.02,54.17,61.9,0,0.91,14962,46396,619893313,1105324,0.05,20
2021/10/24,19160,254,56.02,54.17,61.9,0,0.92,14720,46112,620529426,636113,0.05,20
2021/10/25,112560,1474,56.02,54.17,61.9,0,0.95,14913,46378,621688901,1159475,0.05,20
2021/10/26,66654,1578,56.02,54.17,61.9,0,0.96,14854,45821,623372037,1683136,0.05,20
2021/10/27,102559,2055,56.02,54.17,61.9,0,0.98,14704,45006,625177365,1805328,0.05,20
2021/10/28,75089,1843,56.02,54.17,61.9,0,0.98,14419,44195,626872417,1695052,0.05,20
2021/10/29,95103,1723,56.02,54.17,61.9,0,0.98,12455,43513,628429781,1557364,0.05,20
2021/10/30,34289,372,56.02,54.17,61.9,0,0.98,12152,42764,629485785,1056004,0.05,20
2021/10/31,32318,233,56.02,54.17,61.9,0,0.99,12092,42511,630102517,616732,0.05,20
2021/11/1,113251,1281,56.02,54.17,61.9,0,0.99,12108,42623,631163250,1060733,0.05,20
2021/11/2,68730,1269,56.02,54.17,61.9,0,0.99,11947,42290,632805609,1642359,0.051,19.6
2021/11/3,85593,1959,56.02,54.17,61.9,0,1,11767,41982,634703624,1898015,0.051,19.6
2021/11/4,81436,1202,56.02,54.17,61.9,0,1.01,11555,41356,636461251,1757627,0.052,19.2
2021/11/5,96857,2130,56.02,54.17,61.9,0,1.02,11341,40944,638056113,1594862,0.052,19.2
2021/11/6,34855,463,56.02,54.17,61.9,0,1.03,11231,40175,639171446,1115333,0.053,18.9
2021/11/7,36824,199,56.02,54.17,61.9,0,1.04,11210,40471,640005629,834183,0.053,18.9
2021/11/8,110746,1260,58.8,55.73,63.69,0,1.04,11332,41348,641240715,1235086,0.053,18.9
2021/11/9,78358,1427,58.8,55.73,63.69,0,1.05,11356,41730,643094410,1853695,0.054,18.5
2021/11/10,95067,1679,58.8,55.73,63.69,0,1.06,11289,41810,644908001,1813591,0.055,18.2
2021/11/11,57642,872,58.8,55.73,63.69,0,1.08,11280,41717,646628252,1720251,0.056,17.9
2021/11/12,143499,2460,58.8,55.73,63.69,0,1.13,11271,41632,648105805,1477553,0.058,17.2
2021/11/13,43947,560,58.8,55.73,63.69,0,1.12,11296,41371,649215685,1109880,0.058,17.2
2021/11/14,31910,194,58.8,55.73,63.69,0,1.11,11264,41871,649990509,774824,0.059,16.9
2021/11/15,134039,1308,58.8,55.73,63.69,0,1.11,11534,43285,651239492,1248983,0.06,16.7
2021/11/16,87265,1332,58.8,55.73,63.69,0,1.12,11599,44008,653078411,1838919,0.06,16.7
2021/11/17,112836,1646,58.8,55.73,63.69,0,1.12,11665,44369,655024538,1946127,0.061,16.4
2021/11/18,109832,1351,58.8,55.73,63.69,0,1.13,11792,45095,656902336,1877798,0.061,16.4
2021/11/19,126867,1790,58.8,55.73,63.69,0,1.11,11823,45157,658555235,1652899,0.061,16.4
2021/11/20,45356,451,58.8,55.73,63.69,0,1.08,11785,44825,659689627,1134392,0.062,16.1
2021/11/21,39829,216,58.8,55.73,63.69,0,1.05,11973,45373,660449071,759444,0.063,15.9
2021/11/22,144616,1261,58.8,55.73,63.69,0,1.01,12296,46834,661602156,1153085,0.063,15.9
2021/11/23,91344,1374,58.8,55.73,63.69,0,0.99,12329,47702,663225803,1623647,0.065,15.4
2021/11/24,111579,1710,58.8,55.73,63.69,0,0.95,12448,47900,664880348,1654545,0.066,15.2
2021/11/25,39319,471,58.8,55.73,63.69,0,0.92,12471,47297,665635045,754697,0.069,14.5
2021/11/26,53421,372,58.8,55.73,63.69,0,0.95,12654,48189,666397732,762687,0.072,13.9
2021/11/27,26538,312,58.8,55.73,63.69,0,1.04,12849,49069,667302201,904469,0.075,13.3
2021/11/28,43146,245,58.8,55.73,63.69,0,1.15,13105,50165,668119616,817415,0.075,13.3
2021/11/29,186295,1936,58.8,55.73,63.69,0,1.24,13379,51812,669466747,1347131,0.076,13.2
2021/11/30,117101,1636,50.46,51.04,58.33,0,1.27,13545,52643,671330317,1863570,0.078,12.8
2021/12/1,137107,2054,50.46,51.04,58.33,0,1.27,13671,53310,673275026,1944709,0.079,12.7
2021/12/2,138852,3904,50.46,51.04,58.33,0,1.27,13772,53586,675301192,2026166,0.076,13.2
2021/12/3,158620,1579,50.46,51.04,58.33,0,1.25,13888,54392,677221403,1920211,0.074,13.5
2021/12/4,66342,670,50.46,51.04,58.33,0,1.21,13942,54572,678582170,1360767,0.073,13.7
2021/12/5,55180,387,50.46,51.04,58.33,0,1.17,14149,55670,679396579,814409,0.074,13.5
2021/12/6,177688,1417,50.46,51.04,58.33,0,1.14,14455,57447,680669361,1272782,0.074,13.5
2021/12/7,113263,1564,50.46,51.04,58.33,0,1.12,14771,58938,682595980,1926619,0.073,13.7
2021/12/8,149905,1816,50.46,51.04,58.33,0,1.12,14901,59721,684629132,2033152,0.072,13.9
2021/12/9,124527,1572,50.46,51.04,58.33,0,1.11,14992,60371,686531574,1902442,0.071,14.1
2021/12/10,158199,1799,50.46,51.04,58.33,0,1.11,15236,61162,688374113,1842539,0.071,14.1
2021/12/11,56583,600,50.46,51.04,58.33,0,1.11,15326,60921,689673398,1299285,0.071,14.1
2021/12/12,52304,352,50.46,51.04,58.33,0,1.09,15595,61722,690479001,805603,0.071,14.1
2021/12/13,185493,1407,50.46,51.04,58.33,0,1.09,15914,63084,691821548,1342547,0.072,13.9
2021/12/14,115028,1549,50.46,51.04,58.33,0,1.1,15993,63244,693776245,1954697,0.074,13.5
2021/12/15,143626,2253,50.46,51.04,58.33,0,1.13,15896,63229,695879115,2102870,0.077,13
2021/12/16,141726,1293,50.46,51.04,58.33,0,1.18,15909,63105,697958027,2078912,0.081,12.3
2021/12/17,192651,1850,50.46,51.04,58.33,0,1.23,15941,63090,699938946,1980919,0.085,11.8
2021/12/18,79761,644,50.46,51.04,58.33,0,1.27,15906,62004,701413877,1474931,0.089,11.2
2021/12/19,89200,297,50.46,51.04,58.33,0,1.29,15983,62545,702449556,1035679,0.093,10.8
2021/12/20,240045,1579,50.46,51.04,58.33,0,1.31,16210,63764,703998167,1548611,0.099,10.1
2021/12/21,179401,1951,50.46,51.04,58.33,0,1.35,16148,64086,706182942,2184775,0.11,9.1
2021/12/22,243749,4188,50.46,51.04,58.33,0,1.41,16251,65048,708573618,2390676,0.123,8.1
2021/12/23,269754,1385,50.46,51.04,58.33,0,1.44,16187,65661,710954721,2381103,0.136,7.4
2021/12/24,248503,694,50.46,51.04,58.33,0,1.46,16240,65821,712729836,1775115,0.148,6.8
2021/12/25,86649,229,50.46,51.04,58.33,0,1.51,16356,66446,713673486,943650,0.157,6.4
2021/12/26,178373,349,50.46,51.04,58.33,0,1.58,16590,69732,714637660,964174,0.165,6.1
2021/12/27,500547,1793,53.24,52.6,60.12,0,1.64,17075,74692,716341857,1704197,0.181,5.5
2021/12/28,361997,2315,53.24,52.6,60.12,0,1.67,17274,79671,718634313,2292456,0.203,4.9
2021/12/29,502093,2355,53.24,52.6,60.12,0,1.7,17830,85514,720948381,2314068,0.225,4.4
2021/12/30,590660,1495,53.24,52.6,60.12,0,1.69,18158,89961,723285551,2337170,0.246,4.1
2021/12/31,513593,711,53.24,52.6,60.12,0,1.65,18382,93776,725283246,1997695,0.261,3.8
2022/1/1,188714,389,53.24,52.6,60.12,0,1.62,18863,96560,726529897,1246651,0.268,3.7
2022/1/2,285878,378,53.24,52.6,60.12,0,1.64,19606,102693,727857783,1327886,0.274,3.6
2022/1/3,1044839,1840,53.24,52.6,60.12,0,1.67,20341,108779,730066126,2208343,0.282,3.5
2022/1/4,812112,2309,53.24,52.6,60.12,0,1.63,21040,114863,732961382,2895256,0.288,3.5
2022/1/5,662511,2182,53.24,52.6,60.12,0,1.56,21532,121478,736110295,3148913,0.293,3.4
2022/1/6,834945,2057,53.24,52.6,60.12,0,1.51,22134,126993,739245988,3135693,0.295,3.4
2022/1/7,869684,2401,53.24,52.6,60.12,0,1.47,22862,131875,742111230,2865242,0.295,3.4
2022/1/8,397661,814,53.24,52.6,60.12,0,1.42,23150,133605,744277000,2165770,0.294,3.4
2022/1/9,484949,588,53.24,52.6,60.12,0,1.39,23800,137280,745907857,1630857,0.293,3.4
2022/1/10,1383795,2012,53.24,52.6,60.12,0,1.35,24487,142248,747987687,2079830,0.293,3.4
2022/1/11,787218,2469,53.24,52.6,60.12,0,1.27,25081,145833,750624609,2636922,0.29,3.4
2022/1/12,848542,2806,53.24,51.04,58.33,0,1.21,25334,149706,753494940,2870331,0.286,3.5
2022/1/13,861298,2518,53.24,51.04,58.33,0,1.17,25558,151017,756469366,2974426,0.282,3.5
2022/1/14,879944,2738,53.24,51.04,58.33,0,1.13,25734,152057,759251752,2782386,0.278,3.6
2022/1/15,408282,971,53.24,51.04,58.33,0,1.1,25802,149526,761286812,2035060,0.276,3.6
2022/1/16,479747,739,53.24,51.04,58.33,0,1.06,25867,150021,762642679,1355867,0.275,3.6
2022/1/17,674946,1021,53.24,51.04,58.33,0,1.02,26077,150910,764340564,1697885,0.274,3.6
2022/1/18,1129339,2683,53.24,51.04,58.33,0,1.05,26372,153236,766891191,2550627,0.271,3.7
2022/1/19,907981,3435,58.8,54.17,61.9,0,1.03,26463,154540,769813472,2922281,0.267,3.7
2022/1/20,732514,2895,58.8,54.17,61.9,0,0.99,26283,152940,772583767,2770295,0.263,3.8
2022/1/21,840984,3356,58.8,54.17,61.9,0,0.96,26023,150246,775042991,2459224,0.26,3.8
2022/1/22,302476,965,58.8,54.17,61.9,0,0.93,25679,145688,776781349,1738358,0.257,3.9
2022/1/23,365395,704,58.8,54.17,61.9,0,0.89,25528,144778,777917864,1136515,0.255,3.9
2022/1/24,921979,2164,58.8,54.17,61.9,0,0.85,25562,144759,779447212,1529348,0.25,4
2022/1/25,493130,3170,58.8,54.17,61.9,0,0.81,25311,143297,781371035,1923823,0.242,4.1
2022/1/26,624003,3831,58.8,54.17,61.9,0,0.79,25078,141701,783453426,2082391,0.233,4.3
2022/1/27,506266,2579,58.8,54.17,61.9,0,0.77,24470,137503,785492579,2039153,0.224,4.5
2022/1/28,614033,4098,58.8,54.17,61.9,0,0.75,24021,133319,787373552,1880973,0.214,4.7
2022/1/29,178617,1161,58.8,54.17,61.9,0,0.73,23432,127042,788596466,1222914,0.208,4.8
2022/1/30,197933,465,58.8,54.17,61.9,0,0.69,23196,125816,789358804,762338,0.202,5
2022/1/31,542226,2620,58.8,54.17,61.9,0,0.66,22909,124054,790602211,1243407,0.194,5.2
2022/2/1,325381,3332,58.8,57.81,66.07,0,0.63,22670,120532,792370444,1768233,0.183,5.5
2022/2/2,329502,3572,58.8,57.81,66.07,0,0.61,21913,117188,794258185,1887741,0.171,5.8
2022/2/3,274791,2454,58.8,57.81,66.07,0,0.6,21330,112677,795855029,1596844,0.162,6.2
2022/2/4,354940,4107,58.8,57.81,66.07,0,0.6,20576,107688,797334080,1479051,0.152,6.6
2022/2/5,86406,875,58.8,57.81,66.07,0,0.6,19642,101694,798451297,1117217,0.144,6.9
2022/2/6,83464,453,58.8,57.81,66.07,0,0.6,19280,99087,799083558,632261,0.14,7.1
2022/2/7,346393,3062,58.8,57.81,66.07,0,0.58,18979,97280,800331538,1247980,0.131,7.6
2022/2/8,214264,2979,58.8,57.81,66.07,0,0.57,18351,93609,801974164,1642626,0.122,8.2
2022/2/9,188400,3428,58.8,57.81,66.07,0,0.55,17719,90123,803532374,1558210,0.114,8.8
2022/2/10,171273,3265,58.8,57.81,66.07,0,0.55,17049,86057,804999194,1466820,0.106,9.4
2022/2/11,209320,2690,58.8,57.81,66.07,0,0.55,16133,81534,806401917,1402723,0.099,10.1
2022/2/12,51862,809,58.8,57.81,66.07,0,0.55,15445,76857,807288151,886234,0.094,10.6
2022/2/13,58312,562,58.8,57.81,66.07,0,0.54,14899,74367,807786958,498807,0.09,11.1
2022/2/14,170182,3198,58.8,57.81,66.07,0,0.53,14404,72121,808769374,982416,0.084,11.9
2022/2/15,111175,2564,58.8,57.81,66.07,0,0.52,13827,68741,810345201,1575827,0.077,13
2022/2/16,114838,3187,58.8,57.81,66.07,0,0.52,13153,65255,811981266,1636065,0.072,13.9
2022/2/17,101698,2919,58.8,57.81,66.07,0,0.53,12552,61872,813494587,1513321,0.067,14.9
2022/2/18,145176,2486,58.8,57.81,66.07,0,0.54,11922,58665,814857725,1363138,0.063,15.9
2022/2/19,31406,654,58.8,57.81,66.07,0,0.55,11238,54817,815751882,894157,0.059,16.9
2022/2/20,23001,435,58.8,57.81,66.07,0,0.54,10778,52978,816209287,457405,0.057,17.5
2022/2/21,82888,911,58.8,57.81,66.07,0,0.54,10456,51326,816921939,712652,0.056,17.9
2022/2/22,89348,2169,58.8,57.81,66.07,0,0.56,10177,49434,818135840,1213901,0.053,18.9
2022/2/23,85148,3093,58.8,57.81,66.07,0,0.57,9632,47085,819506661,1370821,0.051,19.6
2022/2/24,67078,2962,58.8,57.81,66.07,0,0.57,9414,45811,820736494,1229833,0.049,20.4
2022/2/25,74379,2073,58.8,57.81,66.07,0,0.59,8908,43438,821862979,1126485,0.046,21.7
2022/2/26,47412,733,58.8,57.81,66.07,0,0.63,8289,40665,822562188,699209,0.045,22.2
2022/2/27,18221,221,58.8,57.81,66.07,0,0.63,7881,39329,822983178,420990,0.043,23.3
2022/2/28,98923,2152,53.24,54.69,62.5,0,0.63,7551,37884,823874018,890840,0.04,25
2022/3/1,46709,1773,53.24,54.69,62.5,0,0.61,7330,36224,825143538,1269520,0.038,26.3
2022/3/2,53412,2090,53.24,54.69,62.5,0,0.59,6989,34724,826376101,1232563,0.035,28.6
2022/3/3,48618,1704,53.24,54.69,62.5,0,0.58,6676,32908,827574866,1198765,0.033,30.3
2022/3/4,51265,1735,53.24,54.69,62.5,0,0.6,6216,30705,828637871,1063005,0.031,32.3
2022/3/5,14921,291,53.24,54.69,62.5,0,0.62,5843,28535,829300229,662358,0.03,33.3
2022/3/6,12396,205,53.24,54.69,62.5,0,0.64,5653,27719,829652179,351950,0.029,34.5
2022/3/7,64089,1714,53.24,54.69,62.5,0,0.66,5491,27074,830441925,789746,0.028,35.7
2022/3/8,29754,1403,53.24,54.69,62.5,0,0.66,5118,25787,831640717,1198792,0.027,37
2022/3/9,37705,2019,53.24,54.69,62.5,0,0.66,4876,24767,832769744,1129027,0.025,40
2022/3/10,46589,1769,53.24,54.69,62.5,0,0.68,4629,23742,833774833,1005089,0.025,40
2022/3/11,49717,1639,53.24,54.69,62.5,0,0.7,4363,22400,834769050,994217,0.024,41.7
2022/3/12,10217,255,53.24,54.69,62.5,0,0.71,4069,21122,835396657,627607,0.023,43.5
2022/3/13,11050,188,53.24,54.69,62.5,0,0.73,3960,20423,835747461,350804,0.022,45.5
2022/3/14,35393,1319,53.24,54.69,62.5,0,0.74,3684,19025,836539517,792056,0.022,45.5
2022/3/15,24384,1081,53.24,54.69,62.5,0,0.78,3505,18522,837756221,1216704,0.022,45.5
2022/3/16,46137,1824,58.8,57.81,66.07,0,0.82,3454,17949,838942039,1185818,0.021,47.6
2022/3/17,53166,1503,58.8,57.81,66.07,0,0.83,3297,17395,840030501,1088462,0.021,47.6
2022/3/18,31347,800,58.8,57.81,66.07,0,0.82,3130,16542,841027037,996536,0.021,47.6
2022/3/19,10882,270,58.8,57.81,66.07,0,0.84,3041,15662,841629196,602159,0.021,47.6
2022/3/20,11443,82,58.8,57.81,66.07,0,0.87,2938,15344,841977083,347887,0.021,47.6
2022/3/21,42277,1528,58.8,57.81,66.07,0,0.9,2870,15073,842744661,767578,0.022,45.5
2022/3/22,24568,557,58.8,57.81,66.07,0,0.91,2739,14555,843875321,1130660,0.022,45.5
2022/3/23,40689,1628,58.8,57.81,66.07,0,0.93,2594,14175,844967417,1092096,0.023,43.5
2022/3/24,42990,856,58.8,57.81,66.07,0,0.93,2500,13626,845940324,972907,0.023,43.5
2022/3/25,46424,614,58.8,57.81,66.07,0,0.93,2315,13103,846895878,955554,0.023,43.5
2022/3/26,9414,144,58.8,57.81,66.07,0,0.93,2215,12577,847514421,618543,0.023,43.5
2022/3/27,11761,56,58.8,57.81,66.07,0,0.94,2171,12206,847844720,330299,0.024,41.7
2022/3/28,38912,1059,58.8,57.81,66.07,0,0.95,2135,12097,848547126,702406,0.024,41.7
2022/3/29,24063,978,58.8,57.81,66.07,0,0.95,2092,11812,849586988,1039862,0.025,40
2022/3/30,39031,1168,58.8,57.81,66.07,0,0.96,2027,11548,850625025,1038037,0.025,40
2022/3/31,45461,516,58.8,57.81,66.07,0,0.96,1950,11297,851558581,933556,0.026,38.5
2022/4/1,32035,825,58.8,57.81,66.07,0,0.94,1862,10902,852453295,894714,0.027,37
